{"1": {"1": {"Width": 0.09135554730892181, "Height": 0.02957974188029766, "Left": 0.058951202780008316, "Top": 0.041610654443502426}, "2": {"Width": 0.08636149019002914, "Height": 0.02957974188029766, "Left": 0.15030674636363983, "Top": 0.041610654443502426}, "3": {"Width": 0.2227465808391571, "Height": 0.02957974188029766, "Left": 0.23666824400424957, "Top": 0.041610654443502426}, "4": {"Width": 0.13449740409851074, "Height": 0.02957974188029766, "Left": 0.4594148099422455, "Top": 0.041610654443502426}, "5": {"Width": 0.10523831844329834, "Height": 0.02957974188029766, "Left": 0.5939122438430786, "Top": 0.041610654443502426}, "6": {"Width": 0.10759792476892471, "Height": 0.02957974188029766, "Left": 0.699150562286377, "Top": 0.041610654443502426}, "7": {"Width": 0.13365241885185242, "Height": 0.02957974188029766, "Left": 0.8067484498023987, "Top": 0.041610654443502426}}, "2": {"1": {"Width": 0.09135554730892181, "Height": 0.03634544834494591, "Left": 0.058951202780008316, "Top": 0.07119039446115494}, "2": {"Width": 0.08636149019002914, "Height": 0.03634544834494591, "Left": 0.15030674636363983, "Top": 0.07119039446115494}, "3": {"Width": 0.2227465808391571, "Height": 0.03634544834494591, "Left": 0.23666824400424957, "Top": 0.07119039446115494}, "4": {"Width": 0.13449740409851074, "Height": 0.03634544834494591, "Left": 0.4594148099422455, "Top": 0.07119039446115494}, "5": {"Width": 0.10523831844329834, "Height": 0.03634544834494591, "Left": 0.5939122438430786, "Top": 0.07119039446115494}, "6": {"Width": 0.10759792476892471, "Height": 0.03634544834494591, "Left": 0.699150562286377, "Top": 0.07119039446115494}, "7": {"Width": 0.13365241885185242, "Height": 0.03634544834494591, "Left": 0.8067484498023987, "Top": 0.07119039446115494}}, "3": {"1": {"Width": 0.09135554730892181, "Height": 0.037012338638305664, "Left": 0.058951202780008316, "Top": 0.10753584653139114}, "2": {"Width": 0.08636149019002914, "Height": 0.037012338638305664, "Left": 0.15030674636363983, "Top": 0.10753584653139114}, "3": {"Width": 0.2227465808391571, "Height": 0.037012338638305664, "Left": 0.23666824400424957, "Top": 0.10753584653139114}, "4": {"Width": 0.13449740409851074, "Height": 0.037012338638305664, "Left": 0.4594148099422455, "Top": 0.10753584653139114}, "5": {"Width": 0.10523831844329834, "Height": 0.037012338638305664, "Left": 0.5939122438430786, "Top": 0.10753584653139114}, "6": {"Width": 0.10759792476892471, "Height": 0.037012338638305664, "Left": 0.699150562286377, "Top": 0.10753584653139114}, "7": {"Width": 0.13365241885185242, "Height": 0.037012338638305664, "Left": 0.8067484498023987, "Top": 0.10753584653139114}}, "4": {"1": {"Width": 0.09135554730892181, "Height": 0.037012338638305664, "Left": 0.058951202780008316, "Top": 0.1445481777191162}, "2": {"Width": 0.08636149019002914, "Height": 0.037012338638305664, "Left": 0.15030674636363983, "Top": 0.1445481777191162}, "3": {"Width": 0.2227465808391571, "Height": 0.037012338638305664, "Left": 0.23666824400424957, "Top": 0.1445481777191162}, "4": {"Width": 0.13449740409851074, "Height": 0.037012338638305664, "Left": 0.4594148099422455, "Top": 0.1445481777191162}, "5": {"Width": 0.10523831844329834, "Height": 0.037012338638305664, "Left": 0.5939122438430786, "Top": 0.1445481777191162}, "6": {"Width": 0.10759792476892471, "Height": 0.037012338638305664, "Left": 0.699150562286377, "Top": 0.1445481777191162}, "7": {"Width": 0.13365241885185242, "Height": 0.037012338638305664, "Left": 0.8067484498023987, "Top": 0.1445481777191162}}, "5": {"1": {"Width": 0.09135554730892181, "Height": 0.04768256098031998, "Left": 0.058951202780008316, "Top": 0.18156051635742188}, "2": {"Width": 0.08636149019002914, "Height": 0.04768256098031998, "Left": 0.15030674636363983, "Top": 0.18156051635742188}, "3": {"Width": 0.2227465808391571, "Height": 0.04768256098031998, "Left": 0.23666824400424957, "Top": 0.18156051635742188}, "4": {"Width": 0.13449740409851074, "Height": 0.04768256098031998, "Left": 0.4594148099422455, "Top": 0.18156051635742188}, "5": {"Width": 0.10523831844329834, "Height": 0.04768256098031998, "Left": 0.5939122438430786, "Top": 0.18156051635742188}, "6": {"Width": 0.10759792476892471, "Height": 0.04768256098031998, "Left": 0.699150562286377, "Top": 0.18156051635742188}, "7": {"Width": 0.13365241885185242, "Height": 0.04768256098031998, "Left": 0.8067484498023987, "Top": 0.18156051635742188}}, "6": {"1": {"Width": 0.09135554730892181, "Height": 0.03667889162898064, "Left": 0.058951202780008316, "Top": 0.22924308478832245}, "2": {"Width": 0.08636149019002914, "Height": 0.03667889162898064, "Left": 0.15030674636363983, "Top": 0.22924308478832245}, "3": {"Width": 0.2227465808391571, "Height": 0.03667889162898064, "Left": 0.23666824400424957, "Top": 0.22924308478832245}, "4": {"Width": 0.13449740409851074, "Height": 0.03667889162898064, "Left": 0.4594148099422455, "Top": 0.22924308478832245}, "5": {"Width": 0.10523831844329834, "Height": 0.03667889162898064, "Left": 0.5939122438430786, "Top": 0.22924308478832245}, "6": {"Width": 0.10759792476892471, "Height": 0.03667889162898064, "Left": 0.699150562286377, "Top": 0.22924308478832245}, "7": {"Width": 0.13365241885185242, "Height": 0.03667889162898064, "Left": 0.8067484498023987, "Top": 0.22924308478832245}}, "7": {"1": {"Width": 0.09135554730892181, "Height": 0.03634544834494591, "Left": 0.058951202780008316, "Top": 0.2659219801425934}, "2": {"Width": 0.08636149019002914, "Height": 0.03634544834494591, "Left": 0.15030674636363983, "Top": 0.2659219801425934}, "3": {"Width": 0.2227465808391571, "Height": 0.03634544834494591, "Left": 0.23666824400424957, "Top": 0.2659219801425934}, "4": {"Width": 0.13449740409851074, "Height": 0.03634544834494591, "Left": 0.4594148099422455, "Top": 0.2659219801425934}, "5": {"Width": 0.10523831844329834, "Height": 0.03634544834494591, "Left": 0.5939122438430786, "Top": 0.2659219801425934}, "6": {"Width": 0.10759792476892471, "Height": 0.03634544834494591, "Left": 0.699150562286377, "Top": 0.2659219801425934}, "7": {"Width": 0.13365241885185242, "Height": 0.03634544834494591, "Left": 0.8067484498023987, "Top": 0.2659219801425934}}, "8": {"1": {"Width": 0.09135554730892181, "Height": 0.03734578192234039, "Left": 0.058951202780008316, "Top": 0.3022674322128296}, "2": {"Width": 0.08636149019002914, "Height": 0.03734578192234039, "Left": 0.15030674636363983, "Top": 0.3022674322128296}, "3": {"Width": 0.2227465808391571, "Height": 0.03734578192234039, "Left": 0.23666824400424957, "Top": 0.3022674322128296}, "4": {"Width": 0.13449740409851074, "Height": 0.03734578192234039, "Left": 0.4594148099422455, "Top": 0.3022674322128296}, "5": {"Width": 0.10523831844329834, "Height": 0.03734578192234039, "Left": 0.5939122438430786, "Top": 0.3022674322128296}, "6": {"Width": 0.10759792476892471, "Height": 0.03734578192234039, "Left": 0.699150562286377, "Top": 0.3022674322128296}, "7": {"Width": 0.13365241885185242, "Height": 0.03734578192234039, "Left": 0.8067484498023987, "Top": 0.3022674322128296}}, "9": {"1": {"Width": 0.09135554730892181, "Height": 0.04734911769628525, "Left": 0.058951202780008316, "Top": 0.3396131992340088}, "2": {"Width": 0.08636149019002914, "Height": 0.04734911769628525, "Left": 0.15030674636363983, "Top": 0.3396131992340088}, "3": {"Width": 0.2227465808391571, "Height": 0.04734911769628525, "Left": 0.23666824400424957, "Top": 0.3396131992340088}, "4": {"Width": 0.13449740409851074, "Height": 0.04734911769628525, "Left": 0.4594148099422455, "Top": 0.3396131992340088}, "5": {"Width": 0.10523831844329834, "Height": 0.04734911769628525, "Left": 0.5939122438430786, "Top": 0.3396131992340088}, "6": {"Width": 0.10759792476892471, "Height": 0.04734911769628525, "Left": 0.699150562286377, "Top": 0.3396131992340088}, "7": {"Width": 0.13365241885185242, "Height": 0.04734911769628525, "Left": 0.8067484498023987, "Top": 0.3396131992340088}}, "10": {"1": {"Width": 0.09135554730892181, "Height": 0.03634544834494591, "Left": 0.058951202780008316,