{"1": {"1": {"Width": 0.08981969207525253, "Height": 0.02854418195784092, "Left": 0.059071291238069534, "Top": 0.47512370347976685}, "2": {"Width": 0.08919301629066467, "Height": 0.02854418195784092, "Left": 0.14889098703861237, "Top": 0.47512370347976685}, "3": {"Width": 0.22227466106414795, "Height": 0.02854418195784092, "Left": 0.23808400332927704, "Top": 0.47512370347976685}, "4": {"Width": 0.13308164477348328, "Height": 0.02854418195784092, "Left": 0.4603586494922638, "Top": 0.47512370347976685}, "5": {"Width": 0.10806984454393387, "Height": 0.02854418195784092, "Left": 0.5934402942657471, "Top": 0.47512370347976685}, "6": {"Width": 0.10618215799331665, "Height": 0.02854418195784092, "Left": 0.7015101313591003, "Top": 0.47512370347976685}, "7": {"Width": 0.1325608193874359, "Height": 0.02854418195784092, "Left": 0.807692289352417, "Top": 0.47512370347976685}}, "2": {"1": {"Width": 0.08981969207525253, "Height": 0.04768256098031998, "Left": 0.059071291238069534, "Top": 0.5036678910255432}, "2": {"Width": 0.08919301629066467, "Height": 0.04768256098031998, "Left": 0.14889098703861237, "Top": 0.5036678910255432}, "3": {"Width": 0.22227466106414795, "Height": 0.04768256098031998, "Left": 0.23808400332927704, "Top": 0.5036678910255432}, "4": {"Width": 0.13308164477348328, "Height": 0.04768256098031998, "Left": 0.4603586494922638, "Top": 0.5036678910255432}, "5": {"Width": 0.10806984454393387, "Height": 0.04768256098031998, "Left": 0.5934402942657471, "Top": 0.5036678910255432}, "6": {"Width": 0.10618215799331665, "Height": 0.04768256098031998, "Left": 0.7015101313591003, "Top": 0.5036678910255432}, "7": {"Width": 0.1325608193874359, "Height": 0.04768256098031998, "Left": 0.807692289352417, "Top": 0.5036678910255432}}, "3": {"1": {"Width": 0.08981969207525253, "Height": 0.04768256098031998, "Left": 0.059071291238069534, "Top": 0.551350474357605}, "2": {"Width": 0.08919301629066467, "Height": 0.04768256098031998, "Left": 0.14889098703861237, "Top": 0.551350474357605}, "3": {"Width": 0.22227466106414795, "Height": 0.04768256098031998, "Left": 0.23808400332927704, "Top": 0.551350474357605}, "4": {"Width": 0.13308164477348328, "Height": 0.04768256098031998, "Left": 0.4603586494922638, "Top": 0.551350474357605}, "5": {"Width": 0.10806984454393387, "Height": 0.04768256098031998, "Left": 0.5934402942657471, "Top": 0.551350474357605}, "6": {"Width": 0.10618215799331665, "Height": 0.04768256098031998, "Left": 0.7015101313591003, "Top": 0.551350474357605}, "7": {"Width": 0.1325608193874359, "Height": 0.04768256098031998, "Left": 0.807692289352417, "Top": 0.551350474357605}}, "4": {"1": {"Width": 0.08981969207525253, "Height": 0.04734911769628525, "Left": 0.059071291238069534, "Top": 0.599032998085022}, "2": {"Width": 0.08919301629066467, "Height": 0.04734911769628525, "Left": 0.14889098703861237, "Top": 0.599032998085022}, "3": {"Width": 0.22227466106414795, "Height": 0.04734911769628525, "Left": 0.23808400332927704, "Top": 0.599032998085022}, "4": {"Width": 0.13308164477348328, "Height": 0.04734911769628525, "Left": 0.4603586494922638, "Top": 0.599032998085022}, "5": {"Width": 0.10806984454393387, "Height": 0.04734911769628525, "Left": 0.5934402942657471, "Top": 0.599032998085022}, "6": {"Width": 0.10618215799331665, "Height": 0.04734911769628525, "Left": 0.7015101313591003, "Top": 0.599032998085022}, "7": {"Width": 0.1325608193874359, "Height": 0.04734911769628525, "Left": 0.807692289352417, "Top": 0.599032998085022}}, "5": {"1": {"Width": 0.08981969207525253, "Height": 0.037012338638305664, "Left": 0.059071291238069534, "Top": 0.6463821530342102}, "2": {"Width": 0.08919301629066467, "Height": 0.037012338638305664, "Left": 0.14889098703861237, "Top": 0.6463821530342102}, "3": {"Width": 0.22227466106414795, "Height": 0.037012338638305664, "Left": 0.23808400332927704, "Top": 0.6463821530342102}, "4": {"Width": 0.13308164477348328, "Height": 0.037012338638305664, "Left": 0.4603586494922638, "Top": 0.6463821530342102}, "5": {"Width": 0.10806984454393387, "Height": 0.037012338638305664, "Left": 0.5934402942657471, "Top": 0.6463821530342102}, "6": {"Width": 0.10618215799331665, "Height": 0.037012338638305664, "Left": 0.7015101313591003, "Top": 0.6463821530342102}, "7": {"Width": 0.1325608193874359, "Height": 0.037012338638305664, "Left": 0.807692289352417, "Top": 0.6463821530342102}}, "6": {"1": {"Width": 0.08981969207525253, "Height": 0.04734911769628525, "Left": 0.059071291238069534, "Top": 0.6833944916725159}, "2": {"Width": 0.08919301629066467, "Height": 0.04734911769628525, "Left": 0.14889098703861237, "Top": 0.6833944916725159}, "3": {"Width": 0.22227466106414795, "Height": 0.04734911769628525, "Left": 0.23808400332927704, "Top": 0.6833944916725159}, "4": {"Width": 0.13308164477348328, "Height": 0.04734911769628525, "Left": 0.4603586494922638, "Top": 0.6833944916725159}, "5": {"Width": 0.10806984454393387, "Height": 0.04734911769628525, "Left": 0.5934402942657471, "Top": 0.6833944916725159}, "6": {"Width": 0.10618215799331665, "Height": 0.04734911769628525, "Left": 0.7015101313591003, "Top": 0.6833944916725159}, "7": {"Width": 0.1325608193874359, "Height": 0.04734911769628525, "Left": 0.807692289352417, "Top": 0.6833944916725159}}, "7": {"1": {"Width": 0.08981969207525253, "Height": 0.04768256098031998, "Left": 0.059071291238069534, "Top": 0.7307435870170593}, "2": {"Width": 0.08919301629066467, "Height": 0.04768256098031998, "Left": 0.14889098703861237, "Top": 0.7307435870170593}, "3": {"Width": 0.22227466106414795, "Height": 0.04768256098031998, "Left": 0.23808400332927704, "Top": 0.7307435870170593}, "4": {"Width": 0.13308164477348328, "Height": 0.04768256098031998, "Left": 0.4603586494922638, "Top": 0.7307435870170593}, "5": {"Width": 0.10806984454393387, "Height": 0.04768256098031998, "Left": 0.5934402942657471, "Top": 0.7307435870170593}, "6": {"Width": 0.10618215799331665, "Height": 0.04768256098031998, "Left": 0.7015101313591003, "Top": 0.7307435870170593}, "7": {"Width": 0.1325608193874359, "Height": 0.04768256098031998, "Left": 0.807692289352417, "Top": 0.7307435870170593}}, "8": {"1": {"Width": 0.08981969207525253, "Height": 0.04768256098031998, "Left": 0.059071291238069534, "Top": 0.7784261703491211}, "2": {"Width": 0.08919301629066467, "Height": 0.04768256098031998, "Left": 0.14889098703861237, "Top": 0.7784261703491211}, "3": {"Width": 0.22227466106414795, "Height": 0.04768256098031998, "Left": 0.23808400332927704, "Top": 0.7784261703491211}, "4": {"Width": 0.13308164477348328, "Height": 0.04768256098031998, "Left": 0.4603586494922638, "Top": 0.7784261703491211}, "5": {"Width": 0.10806984454393387, "Height": 0.04768256098031998, "Left": 0.5934402942657471, "Top": 0.7784261703491211}, "6": {"Width": 0.10618215799331665, "Height": 0.04768256098031998, "Left": 0.7015101313591003, "Top": 0.7784261703491211}, "7": {"Width": 0.1325608193874359, "Height": 0.04768256098031998, "Left": 0.807692289352417, "Top": 0.7784261703491211}}, "9": {"1": {"Width": 0.08981969207525253, "Height": 0.04734911769628525, "Left": 0.059071291238069534, "Top": 0.8261086940765381}, "2": {"Width": 0.08919301629066467, "Height": 0.04734911769628525, "Left": 0.14889098703861237, "Top": 0.8261086940765381}, "3": {"Width": 0.22227466106414795, "Height": 0.04734911769628525, "Left": 0.23808400332927704, "Top": 0.8261086940765381}, "4": {"Width": 0.13308164477348328, "Height": 0.04734911769628525, "Left": 0.4603586494922638, "Top": 0.8261086940765381}, "5": {"Width": 0.10806984454393387, "Height": 0.04734911769628525, "Left": 0.5934402942657471, "Top": 0.8261086940765381}, "6": {"Width": 0.10618215799331665, "Height": 0.04734911769628525, "Left": 0.7015101313591003, "Top": 0.8261086940765381}, "7": {"Width": 0.1325608193874359, "Height": 0.04734911769628525, "Left": 0.807692289352417, "Top": 0.8261086940765381}}, "10": {"1": {"Width": 0.08981969207525253, "Height": 0.02667555771768093, "Left": 0.059071291238069534, "Top": 0.8734578490257263}, "2": {"Width": 0.08919301629066467,