{"1": {"1": {"Width": 0.08085513859987259, "Height": 0.026725782081484795, "Left": 0.05859743058681488, "Top": 0.04213050380349159}, "2": {"Width": 0.07597923278808594, "Height": 0.026725782081484795, "Left": 0.13945257663726807, "Top": 0.04213050380349159}, "3": {"Width": 0.3209061026573181, "Height": 0.026725782081484795, "Left": 0.215431809425354, "Top": 0.04213050380349159}, "4": {"Width": 0.10382255911827087, "Height": 0.026725782081484795, "Left": 0.5363379120826721, "Top": 0.04213050380349159}, "5": {"Width": 0.10618215799331665, "Height": 0.026725782081484795, "Left": 0.6401604413986206, "Top": 0.04213050380349159}, "6": {"Width": 0.14912694692611694, "Height": 0.026725782081484795, "Left": 0.7463425993919373, "Top": 0.04213050380349159}, "7": {"Width": 0.04385383054614067, "Height": 0.026725782081484795, "Left": 0.8954695463180542, "Top": 0.04213050380349159}}, "2": {"1": {"Width": 0.08085513859987259, "Height": 0.026008669286966324, "Left": 0.05859743058681488, "Top": 0.06885628402233124}, "2": {"Width": 0.07597923278808594, "Height": 0.026008669286966324, "Left": 0.13945257663726807, "Top": 0.06885628402233124}, "3": {"Width": 0.3209061026573181, "Height": 0.026008669286966324, "Left": 0.215431809425354, "Top": 0.06885628402233124}, "4": {"Width": 0.10382255911827087, "Height": 0.026008669286966324, "Left": 0.5363379120826721, "Top": 0.06885628402233124}, "5": {"Width": 0.10618215799331665, "Height": 0.026008669286966324, "Left": 0.6401604413986206, "Top": 0.06885628402233124}, "6": {"Width": 0.14912694692611694, "Height": 0.026008669286966324, "Left": 0.7463425993919373, "Top": 0.06885628402233124}, "7": {"Width": 0.04385383054614067, "Height": 0.026008669286966324, "Left": 0.8954695463180542, "Top": 0.06885628402233124}}, "3": {"1": {"Width": 0.08085513859987259, "Height": 0.026008669286966324, "Left": 0.05859743058681488, "Top": 0.09486495703458786}, "2": {"Width": 0.07597923278808594, "Height": 0.026008669286966324, "Left": 0.13945257663726807, "Top": 0.09486495703458786}, "3": {"Width": 0.3209061026573181, "Height": 0.026008669286966324, "Left": 0.215431809425354, "Top": 0.09486495703458786}, "4": {"Width": 0.10382255911827087, "Height": 0.026008669286966324, "Left": 0.5363379120826721, "Top": 0.09486495703458786}, "5": {"Width": 0.10618215799331665, "Height": 0.026008669286966324, "Left": 0.6401604413986206, "Top": 0.09486495703458786}, "6": {"Width": 0.14912694692611694, "Height": 0.026008669286966324, "Left": 0.7463425993919373, "Top": 0.09486495703458786}, "7": {"Width": 0.04385383054614067, "Height": 0.026008669286966324, "Left": 0.8954695463180542, "Top": 0.09486495703458786}}, "4": {"1": {"Width": 0.08085513859987259, "Height": 0.026342114433646202, "Left": 0.05859743058681488, "Top": 0.12087362259626389}, "2": {"Width": 0.07597923278808594, "Height": 0.026342114433646202, "Left": 0.13945257663726807, "Top": 0.12087362259626389}, "3": {"Width": 0.3209061026573181, "Height": 0.026342114433646202, "Left": 0.215431809425354, "Top": 0.12087362259626389}, "4": {"Width": 0.10382255911827087, "Height": 0.026342114433646202, "Left": 0.5363379120826721, "Top": 0.12087362259626389}, "5": {"Width": 0.10618215799331665, "Height": 0.026342114433646202, "Left": 0.6401604413986206, "Top": 0.12087362259626389}, "6": {"Width": 0.14912694692611694, "Height": 0.026342114433646202, "Left": 0.7463425993919373, "Top": 0.12087362259626389}, "7": {"Width": 0.04385383054614067, "Height": 0.026342114433646202, "Left": 0.8954695463180542, "Top": 0.12087362259626389}}, "5": {"1": {"Width": 0.08085513859987259, "Height": 0.026342114433646202, "Left": 0.05859743058681488, "Top": 0.14721573889255524}, "2": {"Width": 0.07597923278808594, "Height": 0.026342114433646202, "Left": 0.13945257663726807, "Top": 0.14721573889255524}, "3": {"Width": 0.3209061026573181, "Height": 0.026342114433646202, "Left": 0.215431809425354, "Top": 0.14721573889255524}, "4": {"Width": 0.10382255911827087, "Height": 0.026342114433646202, "Left": 0.5363379120826721, "Top": 0.14721573889255524}, "5": {"Width": 0.10618215799331665, "Height": 0.026342114433646202, "Left": 0.6401604413986206, "Top": 0.14721573889255524}, "6": {"Width": 0.14912694692611694, "Height": 0.026342114433646202, "Left": 0.7463425993919373, "Top": 0.14721573889255524}, "7": {"Width": 0.04385383054614067, "Height": 0.026342114433646202, "Left": 0.8954695463180542, "Top": 0.14721573889255524}}, "6": {"1": {"Width": 0.08085513859987259, "Height": 0.026008669286966324, "Left": 0.05859743058681488, "Top": 0.173557847738266}, "2": {"Width": 0.07597923278808594, "Height": 0.026008669286966324, "Left": 0.13945257663726807, "Top": 0.173557847738266}, "3": {"Width": 0.3209061026573181, "Height": 0.026008669286966324, "Left": 0.215431809425354, "Top": 0.173557847738266}, "4": {"Width": 0.10382255911827087, "Height": 0.026008669286966324, "Left": 0.5363379120826721, "Top": 0.173557847738266}, "5": {"Width": 0.10618215799331665, "Height": 0.026008669286966324, "Left": 0.6401604413986206, "Top": 0.173557847738266}, "6": {"Width": 0.14912694692611694, "Height": 0.026008669286966324, "Left": 0.7463425993919373, "Top": 0.173557847738266}, "7": {"Width": 0.04385383054614067, "Height": 0.026008669286966324, "Left": 0.8954695463180542, "Top": 0.173557847738266}}, "7": {"1": {"Width": 0.08085513859987259, "Height": 0.026008669286966324, "Left": 0.05859743058681488, "Top": 0.1995665282011032}, "2": {"Width": 0.07597923278808594, "Height": 0.026008669286966324, "Left": 0.13945257663726807, "Top": 0.1995665282011032}, "3": {"Width": 0.3209061026573181, "Height": 0.026008669286966324, "Left": 0.215431809425354, "Top": 0.1995665282011032}, "4": {"Width": 0.10382255911827087, "Height": 0.026008669286966324, "Left": 0.5363379120826721, "Top": 0.1995665282011032}, "5": {"Width": 0.10618215799331665, "Height": 0.026008669286966324, "Left": 0.6401604413986206, "Top": 0.1995665282011032}, "6": {"Width": 0.14912694692611694, "Height": 0.026008669286966324, "Left": 0.7463425993919373, "Top": 0.1995665282011032}, "7": {"Width": 0.04385383054614067, "Height": 0.026008669286966324, "Left": 0.8954695463180542, "Top": 0.1995665282011032}}, "8": {"1": {"Width": 0.08085513859987259, "Height": 0.026008669286966324, "Left": 0.05859743058681488, "Top": 0.22557519376277924}, "2": {"Width": 0.07597923278808594, "Height": 0.026008669286966324, "Left": 0.13945257663726807, "Top": 0.22557519376277924}, "3": {"Width": 0.3209061026573181, "Height": 0.026008669286966324, "Left": 0.215431809425354, "Top": 0.22557519376277924}, "4": {"Width": 0.10382255911827087, "Height": 0.026008669286966324, "Left": 0.5363379120826721, "Top": 0.22557519376277924}, "5": {"Width": 0.10618215799331665, "Height": 0.026008669286966324, "Left": 0.6401604413986206, "Top": 0.22557519376277924}, "6": {"Width": 0.14912694692611694, "Height": 0.026008669286966324, "Left": 0.7463425993919373, "Top": 0.22557519376277924}, "7": {"Width": 0.04385383054614067, "Height": 0.026008669286966324, "Left": 0.8954695463180542, "Top": 0.22557519376277924}}, "9": {"1": {"Width": 0.08085513859987259, "Height": 0.026008669286966324, "Left": 0.05859743058681488, "Top": 0.25158387422561646}, "2": {"Width": 0.07597923278808594, "Height": 0.026008669286966324, "Left": 0.13945257663726807, "Top": 0.25158387422561646}, "3": {"Width": 0.3209061026573181, "Height": 0.026008669286966324, "Left": 0.215431809425354, "Top": 0.25158387422561646}, "4": {"Width": 0.10382255911827087, "Height": 0.026008669286966324, "Left": 0.5363379120826721, "Top": 0.25158387422561646}, "5": {"Width": 0.10618215799331665, "Height": 0.026008669286966324, "Left": 0.6401604413986206, "Top": 0.25158387422561646}, "6": {"Width": 0.14912694692611694, "Height": 0.026008669286966324, "Left": 0.7463425993919373, "Top": 0.25158387422561646}, "7": {"Width": 0.04385383054614067, "Height": 0.026008669286966324, "Left": 0.8954695463180542, "Top": 0.25158387422561646}}, "10": {"1": {"Width": 0.08085513859987259, "Height": 0.026342114433646202,